Pond1,Pond2,Node1,Node2,Resistance
SWF-1127,SWF-1133,1,2,44.70061206
SWF-1127,SWF-1134,1,3,21.34512675
SWF-1127,SWF-1204,1,4,23.3421226
SWF-1127,SWF-1205,1,5,28.0702372
SWF-1127,SWF-1206,1,6,24.58229629
SWF-1127,SWF-1207,1,7,30.02240704
SWF-1127,SWF-1208,1,8,19.15139564
SWF-1127,SWF-1209,1,9,19.78030241
SWF-1127,SWF-1215,1,10,30.62538287
SWF-1127,SWF-1220,1,11,27.64192424
SWF-1127,SWF-1221,1,12,39.68205185
SWF-1127,SWF-1227,1,13,25.86464627
SWF-1127,SWF-1228,1,14,24.03606268
SWF-1127,SWF-1234,1,15,22.20355199
SWF-1127,SWF-1235,1,16,22.56109787
SWF-1127,SWF-1236,1,17,24.5388119
SWF-1127,SWF-1253,1,18,33.85748662
SWF-1127,SWF-1306,1,19,22.32806748
SWF-1127,SWF-1310,1,20,39.01582222
SWF-1127,TIM-2,1,21,38.07333192
SWF-1127,SWF-1311,1,22,21.42759255
SWF-1127,SWF-1312,1,23,39.0013098
SWF-1127,SWF-1314,1,24,36.31486833
SWF-1127,SWF-1316,1,25,19.90860767
SWF-1127,SWF-1320,1,26,31.11541252
SWF-1127,SWF-1325,1,27,34.57850604
SWF-1127,SWF-1347,1,28,26.1373522
SWF-1127,SWF-1352,1,29,27.78108915
SWF-1127,SWF-1428,1,30,42.36301762
SWF-1127,SWF-1439,1,31,18.84327594
SWF-1127,SWF-1444,1,32,39.56090944
SWF-1127,SWF-1501,1,33,46.6751686
SWF-1127,SWF-1610,1,34,35.21912893
SWF-1127,SWF-1616,1,35,28.96774081
SWF-1127,SWF-1621,1,36,18.00925786
SWF-1127,SWF-1622,1,37,45.19737608
SWF-1127,SWF-1802,1,38,17.37778617
SWF-1127,SWF-1808,1,39,18.60505209
SWF-1127,SWF-1809,1,40,18.11064682
SWF-1127,SWF-1914,1,41,45.87061146
SWF-1127,NAT-1,1,42,18.04256267
SWF-1127,NAT-2,1,43,17.36884135
SWF-1127,NAT-3,1,44,17.78919288
SWF-1127,NAT-6,1,47,18.0284489
SWF-1127,NAT-7,1,48,17.65655408
SWF-1127,NAT-9,1,49,18.019651
SWF-1127,NAT-10,1,50,17.54423128
SWF-1127,NAT-11,1,51,18.93563037
SWF-1133,SWF-1134,2,3,47.56311454
SWF-1133,SWF-1204,2,4,46.97650295
SWF-1133,SWF-1205,2,5,52.31641448
SWF-1133,SWF-1206,2,6,48.73488372
SWF-1133,SWF-1207,2,7,53.97252239
SWF-1133,SWF-1208,2,8,43.10738643
SWF-1133,SWF-1209,2,9,43.70752658
SWF-1133,SWF-1215,2,10,54.15099018
SWF-1133,SWF-1220,2,11,51.18025115
SWF-1133,SWF-1221,2,12,63.29849728
SWF-1133,SWF-1227,2,13,49.35571165
SWF-1133,SWF-1228,2,14,47.72655454
SWF-1133,SWF-1234,2,15,45.56434174
SWF-1133,SWF-1235,2,16,45.92625079
SWF-1133,SWF-1236,2,17,48.02191383
SWF-1133,SWF-1253,2,18,57.87289437
SWF-1133,SWF-1306,2,19,46.67492071
SWF-1133,SWF-1310,2,20,63.10851278
SWF-1133,TIM-2,2,21,62.16954716
SWF-1133,SWF-1311,2,22,45.51200077
SWF-1133,SWF-1312,2,23,63.14511368
SWF-1133,SWF-1314,2,24,60.53835886
SWF-1133,SWF-1316,2,25,43.95461577
SWF-1133,SWF-1320,2,26,55.30383275
SWF-1133,SWF-1325,2,27,58.84125068
SWF-1133,SWF-1347,2,28,50.31556458
SWF-1133,SWF-1352,2,29,52.27033023
SWF-1133,SWF-1428,2,30,68.06123741
SWF-1133,SWF-1439,2,31,44.5594133
SWF-1133,SWF-1444,2,32,65.04790018
SWF-1133,SWF-1501,2,33,71.28957212
SWF-1133,SWF-1610,2,34,59.84063525
SWF-1133,SWF-1616,2,35,52.81283085
SWF-1133,SWF-1621,2,36,42.78955846
SWF-1133,SWF-1622,2,37,68.41546798
SWF-1133,SWF-1802,2,38,42.33709163
SWF-1133,SWF-1808,2,39,43.42468557
SWF-1133,SWF-1809,2,40,42.93164979
SWF-1133,SWF-1914,2,41,69.6951597
SWF-1133,NAT-1,2,42,41.7402885
SWF-1133,NAT-2,2,43,40.91817605
SWF-1133,NAT-3,2,44,42.14988848
SWF-1133,NAT-6,2,47,41.57805131
SWF-1133,NAT-7,2,48,41.2011565
SWF-1133,NAT-9,2,49,41.56593675
SWF-1133,NAT-10,2,50,41.09006271
SWF-1133,NAT-11,2,51,42.48291544
SWF-1134,SWF-1204,3,4,21.8548371
SWF-1134,SWF-1205,3,5,25.58168517
SWF-1134,SWF-1206,3,6,22.48338744
SWF-1134,SWF-1207,3,7,28.64621943
SWF-1134,SWF-1208,3,8,17.779881
SWF-1134,SWF-1209,3,9,18.44632309
SWF-1134,SWF-1215,3,10,29.43733498
SWF-1134,SWF-1220,3,11,26.87204795
SWF-1134,SWF-1221,3,12,38.81320112
SWF-1134,SWF-1227,3,13,24.73809563
SWF-1134,SWF-1228,3,14,22.85025553
SWF-1134,SWF-1234,3,15,21.07776464
SWF-1134,SWF-1235,3,16,21.44032831
SWF-1134,SWF-1236,3,17,23.39958254
SWF-1134,SWF-1253,3,18,32.62157362
SWF-1134,SWF-1306,3,19,20.43452951
SWF-1134,SWF-1310,3,20,38.05313622
SWF-1134,TIM-2,3,21,37.16051891
SWF-1134,SWF-1311,3,22,20.40403022
SWF-1134,SWF-1312,3,23,38.13289296
SWF-1134,SWF-1314,3,24,35.14092916
SWF-1134,SWF-1316,3,25,18.44413486
SWF-1134,SWF-1320,3,26,29.89474715
SWF-1134,SWF-1325,3,27,33.20568053
SWF-1134,SWF-1347,3,28,24.71452409
SWF-1134,SWF-1352,3,29,25.6565366
SWF-1134,SWF-1428,3,30,40.43907087
SWF-1134,SWF-1439,3,31,15.30628647
SWF-1134,SWF-1444,3,32,37.70305364
SWF-1134,SWF-1501,3,33,46.85301452
SWF-1134,SWF-1610,3,34,37.66974879
SWF-1134,SWF-1616,3,35,31.55336499
SWF-1134,SWF-1621,3,36,20.1869753
SWF-1134,SWF-1622,3,37,46.79880584
SWF-1134,SWF-1802,3,38,18.96136577
SWF-1134,SWF-1808,3,39,19.75639867
SWF-1134,SWF-1809,3,40,19.2668255
SWF-1134,SWF-1914,3,41,46.76394563
SWF-1134,NAT-1,3,42,16.89392591
SWF-1134,NAT-2,3,43,16.54312378
SWF-1134,NAT-3,3,44,17.62713427
SWF-1134,NAT-6,3,47,17.20580586
SWF-1134,NAT-7,3,48,16.83243412
SWF-1134,NAT-9,3,49,17.19905935
SWF-1134,NAT-10,3,50,16.72444202
SWF-1134,NAT-11,3,51,18.108924
SWF-1204,SWF-1205,4,5,23.14293182
SWF-1204,SWF-1206,4,6,19.36951697
SWF-1204,SWF-1207,4,7,24.68733191
SWF-1204,SWF-1208,4,8,13.87465495
SWF-1204,SWF-1209,4,9,14.39478865
SWF-1204,SWF-1215,4,10,22.87815607
SWF-1204,SWF-1220,4,11,23.42580301
SWF-1204,SWF-1221,4,12,35.07559568
SWF-1204,SWF-1227,4,13,19.32277318
SWF-1204,SWF-1228,4,14,17.19739352
SWF-1204,SWF-1234,4,15,15.86638562
SWF-1204,SWF-1235,4,16,16.26709518
SWF-1204,SWF-1236,4,17,17.77692145
SWF-1204,SWF-1253,4,18,29.17506782
SWF-1204,SWF-1306,4,19,18.56694251
SWF-1204,SWF-1310,4,20,35.19500411
SWF-1204,TIM-2,4,21,34.34324342
SWF-1204,SWF-1311,4,22,17.47989575
SWF-1204,SWF-1312,4,23,35.53177353
SWF-1204,SWF-1314,4,24,32.7781633
SWF-1204,SWF-1316,4,25,15.03310908
SWF-1204,SWF-1320,4,26,27.37022714
SWF-1204,SWF-1325,4,27,30.98254342
SWF-1204,SWF-1347,4,28,22.08333666
SWF-1204,SWF-1352,4,29,24.44872812
SWF-1204,SWF-1428,4,30,41.87129744
SWF-1204,SWF-1439,4,31,18.04345843
SWF-1204,SWF-1444,4,32,38.7821821
SWF-1204,SWF-1501,4,33,45.31087031
SWF-1204,SWF-1610,4,34,36.72186276
SWF-1204,SWF-1616,4,35,30.57615058
SWF-1204,SWF-1621,4,36,19.15907361
SWF-1204,SWF-1622,4,37,45.33265737
SWF-1204,SWF-1802,4,38,17.8982432
SWF-1204,SWF-1808,4,39,18.54594704
SWF-1204,SWF-1809,4,40,18.05800507
SWF-1204,SWF-1914,4,41,44.98086845
SWF-1204,NAT-1,4,42,11.78162376
SWF-1204,NAT-2,4,43,12.9320163
SWF-1204,NAT-3,4,44,15.62448554
SWF-1204,NAT-6,4,47,13.6046926
SWF-1204,NAT-7,4,48,13.22514238
SWF-1204,NAT-9,4,49,13.60324245
SWF-1204,NAT-10,4,50,13.13101656
SWF-1204,NAT-11,4,51,14.49413064
SWF-1205,SWF-1206,5,6,18.6641612
SWF-1205,SWF-1207,5,7,29.77493744
SWF-1205,SWF-1208,5,8,18.96787254
SWF-1205,SWF-1209,5,9,19.73284556
SWF-1205,SWF-1215,5,10,31.3930005
SWF-1205,SWF-1220,5,11,29.51716888
SWF-1205,SWF-1221,5,12,41.270537
SWF-1205,SWF-1227,5,13,26.84673327
SWF-1205,SWF-1228,5,14,24.55075359
SWF-1205,SWF-1234,5,15,23.39632232
SWF-1205,SWF-1235,5,16,23.75618975
SWF-1205,SWF-1236,5,17,25.50006324
SWF-1205,SWF-1253,5,18,34.29382973
SWF-1205,SWF-1306,5,19,22.42433738
SWF-1205,SWF-1310,5,20,40.43815662
SWF-1205,TIM-2,5,21,39.62247284
SWF-1205,SWF-1311,5,22,22.68657054
SWF-1205,SWF-1312,5,23,40.764383
SWF-1205,SWF-1314,5,24,37.63944449
SWF-1205,SWF-1316,5,25,19.63598368
SWF-1205,SWF-1320,5,26,32.20221992
SWF-1205,SWF-1325,5,27,35.57985074
SWF-1205,SWF-1347,5,28,26.62776758
SWF-1205,SWF-1352,5,29,28.20030399
SWF-1205,SWF-1428,5,30,45.67465148
SWF-1205,SWF-1439,5,31,21.37049664
SWF-1205,SWF-1444,5,32,42.67092783
SWF-1205,SWF-1501,5,33,50.46635106
SWF-1205,SWF-1610,5,34,41.97165717
SWF-1205,SWF-1616,5,35,35.87049754
SWF-1205,SWF-1621,5,36,24.41366474
SWF-1205,SWF-1622,5,37,50.78305134
SWF-1205,SWF-1802,5,38,23.08002529
SWF-1205,SWF-1808,5,39,23.72981933
SWF-1205,SWF-1809,5,40,23.24191813
SWF-1205,SWF-1914,5,41,50.49369753
SWF-1205,NAT-1,5,42,18.67857028
SWF-1205,NAT-2,5,43,19.10008544
SWF-1205,NAT-3,5,44,20.90488483
SWF-1205,NAT-6,5,47,19.76764703
SWF-1205,NAT-7,5,48,19.39359989
SWF-1205,NAT-9,5,49,19.7651328
SWF-1205,NAT-10,5,50,19.29192883
SWF-1205,NAT-11,5,51,20.66504846
SWF-1206,SWF-1207,6,7,24.04920117
SWF-1206,SWF-1208,6,8,13.30455849
SWF-1206,SWF-1209,6,9,14.23266651
SWF-1206,SWF-1215,6,10,27.24132411
SWF-1206,SWF-1220,6,11,25.43981895
SWF-1206,SWF-1221,6,12,37.06157116
SWF-1206,SWF-1227,6,13,22.70330218
SWF-1206,SWF-1228,6,14,19.95226544
SWF-1206,SWF-1234,6,15,19.53900051
SWF-1206,SWF-1235,6,16,19.88250438
SWF-1206,SWF-1236,6,17,21.38688117
SWF-1206,SWF-1253,6,18,29.08916422
SWF-1206,SWF-1306,6,19,17.71925078
SWF-1206,SWF-1310,6,20,35.86077982
SWF-1206,TIM-2,6,21,35.1060019
SWF-1206,SWF-1311,6,22,18.02910325
SWF-1206,SWF-1312,6,23,36.37145782
SWF-1206,SWF-1314,6,24,33.14654319
SWF-1206,SWF-1316,6,25,13.92334023
SWF-1206,SWF-1320,6,26,27.56381222
SWF-1206,SWF-1325,6,27,31.0149324
SWF-1206,SWF-1347,6,28,21.67371986
SWF-1206,SWF-1352,6,29,23.95685341
SWF-1206,SWF-1428,6,30,42.37989061
SWF-1206,SWF-1439,6,31,18.31490826
SWF-1206,SWF-1444,6,32,39.32038127
SWF-1206,SWF-1501,6,33,46.52920867
SWF-1206,SWF-1610,6,34,38.24854474
SWF-1206,SWF-1616,6,35,32.16469237
SWF-1206,SWF-1621,6,36,20.67672881
SWF-1206,SWF-1622,6,37,47.0637262
SWF-1206,SWF-1802,6,38,19.30337304
SWF-1206,SWF-1808,6,39,19.9144962
SWF-1206,SWF-1809,6,40,19.42708374
SWF-1206,SWF-1914,6,41,46.73018982
SWF-1206,NAT-1,6,42,14.06022694
SWF-1206,NAT-2,6,43,14.9794973
SWF-1206,NAT-3,6,44,16.84731297
SWF-1206,NAT-6,6,47,15.64908374
SWF-1206,NAT-7,6,48,15.27759648
SWF-1206,NAT-9,6,49,15.65023855
SWF-1206,NAT-10,6,50,15.17790401
SWF-1206,NAT-11,6,51,16.54529963
SWF-1207,SWF-1208,7,8,11.75829158
SWF-1207,SWF-1209,7,9,13.80950543
SWF-1207,SWF-1215,7,10,31.60077212
SWF-1207,SWF-1220,7,11,29.76184248
SWF-1207,SWF-1221,7,12,41.1343012
SWF-1207,SWF-1227,7,13,26.99192402
SWF-1207,SWF-1228,7,14,23.52898704
SWF-1207,SWF-1234,7,15,24.32099082
SWF-1207,SWF-1235,7,16,24.6343619
SWF-1207,SWF-1236,7,17,25.74650483
SWF-1207,SWF-1253,7,18,30.58119476
SWF-1207,SWF-1306,7,19,22.31943494
SWF-1207,SWF-1310,7,20,39.29609966
SWF-1207,TIM-2,7,21,38.65614044
SWF-1207,SWF-1311,7,22,21.30596349
SWF-1207,SWF-1312,7,23,40.23176523
SWF-1207,SWF-1314,7,24,37.0630662
SWF-1207,SWF-1316,7,25,15.41053711
SWF-1207,SWF-1320,7,26,31.26452008
SWF-1207,SWF-1325,7,27,35.05218849
SWF-1207,SWF-1347,7,28,25.17964219
SWF-1207,SWF-1352,7,29,28.99867289
SWF-1207,SWF-1428,7,30,48.23730424
SWF-1207,SWF-1439,7,31,24.60203328
SWF-1207,SWF-1444,7,32,45.08099617
SWF-1207,SWF-1501,7,33,51.17221932
SWF-1207,SWF-1610,7,34,43.25399897
SWF-1207,SWF-1616,7,35,37.19665284
SWF-1207,SWF-1621,7,36,25.65828228
SWF-1207,SWF-1622,7,37,52.06266686
SWF-1207,SWF-1802,7,38,24.22192275
SWF-1207,SWF-1808,7,39,24.76605718
SWF-1207,SWF-1809,7,40,24.27948737
SWF-1207,SWF-1914,7,41,51.64957133
SWF-1207,NAT-1,7,42,17.45859594
SWF-1207,NAT-2,7,43,19.21856186
SWF-1207,NAT-3,7,44,21.26784206
SWF-1207,NAT-6,7,47,19.89208251
SWF-1207,NAT-7,7,48,19.52513236
SWF-1207,NAT-9,7,49,19.90006255
SWF-1207,NAT-10,7,50,19.42937207
SWF-1207,NAT-11,7,51,20.78581763
SWF-1208,SWF-1209,8,9,2.756721614
SWF-1208,SWF-1215,8,10,20.77646572
SWF-1208,SWF-1220,8,11,18.89463692
SWF-1208,SWF-1221,8,12,30.27092373
SWF-1208,SWF-1227,8,13,16.15933637
SWF-1208,SWF-1228,8,14,12.71916062
SWF-1208,SWF-1234,8,15,13.4807275
SWF-1208,SWF-1235,8,16,13.79423021
SWF-1208,SWF-1236,8,17,14.91490716
SWF-1208,SWF-1253,8,18,19.50482261
SWF-1208,SWF-1306,8,19,11.3421815
SWF-1208,SWF-1310,8,20,28.34422758
SWF-1208,TIM-2,8,21,27.71343596
SWF-1208,SWF-1311,8,22,10.34243503
SWF-1208,SWF-1312,8,23,29.30338979
SWF-1208,SWF-1314,8,24,26.11315829
SWF-1208,SWF-1316,8,25,4.246084804
SWF-1208,SWF-1320,8,26,20.29727723
SWF-1208,SWF-1325,8,27,24.09068033
SWF-1208,SWF-1347,8,28,14.17264026
SWF-1208,SWF-1352,8,29,18.05435081
SWF-1208,SWF-1428,8,30,37.36064346
SWF-1208,SWF-1439,8,31,13.73155614
SWF-1208,SWF-1444,8,32,34.20235412
SWF-1208,SWF-1501,8,33,40.28116357
SWF-1208,SWF-1610,8,34,32.37887932
SWF-1208,SWF-1616,8,35,26.3235123
SWF-1208,SWF-1621,8,36,14.78240807
SWF-1208,SWF-1622,8,37,41.19195674
SWF-1208,SWF-1802,8,38,13.34196303
SWF-1208,SWF-1808,8,39,13.88363103
SWF-1208,SWF-1809,8,40,13.39709392
SWF-1208,SWF-1914,8,41,40.77758585
SWF-1208,NAT-1,8,42,6.636796107
SWF-1208,NAT-2,8,43,8.354617813
SWF-1208,NAT-3,8,44,10.37167236
SWF-1208,NAT-6,8,47,9.027895562
SWF-1208,NAT-7,8,48,8.66125984
SWF-1208,NAT-9,8,49,9.035869483
SWF-1208,NAT-10,8,50,8.565139407
SWF-1208,NAT-11,8,51,9.922028889
SWF-1209,SWF-1215,9,10,21.23703839
SWF-1209,SWF-1220,9,11,19.42978632
SWF-1209,SWF-1221,9,12,30.77456545
SWF-1209,SWF-1227,9,13,16.62128726
SWF-1209,SWF-1228,9,14,13.09528545
SWF-1209,SWF-1234,9,15,13.99555838
SWF-1209,SWF-1235,9,16,14.30639387
SWF-1209,SWF-1236,9,17,15.3825532
SWF-1209,SWF-1253,9,18,20.39658013
SWF-1209,SWF-1306,9,19,12.27981201
SWF-1209,SWF-1310,9,20,29.04955984
SWF-1209,TIM-2,9,21,28.40010312
SWF-1209,SWF-1311,9,22,11.06987145
SWF-1209,SWF-1312,9,23,29.97745452
SWF-1209,SWF-1314,9,24,26.87199528
SWF-1209,SWF-1316,9,25,5.621935538
SWF-1209,SWF-1320,9,26,21.09844855
SWF-1209,SWF-1325,9,27,24.9084028
SWF-1209,SWF-1347,9,28,15.11483618
SWF-1209,SWF-1352,9,29,18.90418325
SWF-1209,SWF-1428,9,30,38.03384854
SWF-1209,SWF-1439,9,31,14.41751967
SWF-1209,SWF-1444,9,32,34.87432575
SWF-1209,SWF-1501,9,33,40.90578698
SWF-1209,SWF-1610,9,34,32.98808585
SWF-1209,SWF-1616,9,35,26.9295336
SWF-1209,SWF-1621,9,36,15.39186407
SWF-1209,SWF-1622,9,37,41.78947993
SWF-1209,SWF-1802,9,38,13.9574773
SWF-1209,SWF-1808,9,39,14.50074485
SWF-1209,SWF-1809,9,40,14.01418331
SWF-1209,SWF-1914,9,41,41.37271483
SWF-1209,NAT-1,9,42,6.999970232
SWF-1209,NAT-2,9,43,8.874192595
SWF-1209,NAT-3,9,44,10.99324052
SWF-1209,NAT-6,9,47,9.548439227
SWF-1209,NAT-7,9,48,9.181364825
SWF-1209,NAT-9,9,49,9.557006179
SWF-1209,NAT-10,9,50,9.08651878
SWF-1209,NAT-11,9,51,10.44132111
SWF-1215,SWF-1220,10,11,30.12341097
SWF-1215,SWF-1221,10,12,41.65769912
SWF-1215,SWF-1227,10,13,20.19963749
SWF-1215,SWF-1228,10,14,22.89153057
SWF-1215,SWF-1234,10,15,20.13115948
SWF-1215,SWF-1235,10,16,20.31680321
SWF-1215,SWF-1236,10,17,17.05660258
SWF-1215,SWF-1253,10,18,36.07862059
SWF-1215,SWF-1306,10,19,25.83010429
SWF-1215,SWF-1310,10,20,42.09592688
SWF-1215,TIM-2,10,21,41.23917826
SWF-1215,SWF-1311,10,22,24.38401345
SWF-1215,SWF-1312,10,23,42.45403006
SWF-1215,SWF-1314,10,24,39.79621181
SWF-1215,SWF-1316,10,25,22.0511132
SWF-1215,SWF-1320,10,26,34.38319846
SWF-1215,SWF-1325,10,27,38.06616209
SWF-1215,SWF-1347,10,28,29.15057609
SWF-1215,SWF-1352,10,29,31.78355946
SWF-1215,SWF-1428,10,30,49.33636992
SWF-1215,SWF-1439,10,31,25.65869215
SWF-1215,SWF-1444,10,32,46.2158383
SWF-1215,SWF-1501,10,33,52.34814993
SWF-1215,SWF-1610,10,34,43.82514613
SWF-1215,SWF-1616,10,35,37.68104442
SWF-1215,SWF-1621,10,36,26.25516958
SWF-1215,SWF-1622,10,37,52.40623154
SWF-1215,SWF-1802,10,38,24.99005247
SWF-1215,SWF-1808,10,39,25.62276405
SWF-1215,SWF-1809,10,40,25.13499815
SWF-1215,SWF-1914,10,41,52.02059284
SWF-1215,NAT-1,10,42,17.94012598
SWF-1215,NAT-2,10,43,19.57043251
SWF-1215,NAT-3,10,44,22.59766485
SWF-1215,NAT-6,10,47,20.246615
SWF-1215,NAT-7,10,48,19.86589749
SWF-1215,NAT-9,10,49,20.24769447
SWF-1215,NAT-10,10,50,19.77640702
SWF-1215,NAT-11,10,51,21.13166013
SWF-1220,SWF-1221,11,12,36.7064587
SWF-1220,SWF-1227,11,13,25.22778949
SWF-1220,SWF-1228,11,14,23.20537148
SWF-1220,SWF-1234,11,15,21.88827371
SWF-1220,SWF-1235,11,16,22.21753148
SWF-1220,SWF-1236,11,17,23.96847836
SWF-1220,SWF-1253,11,18,33.61514883
SWF-1220,SWF-1306,11,19,23.23046094
SWF-1220,SWF-1310,11,20,38.76754086
SWF-1220,TIM-2,11,21,37.80629806
SWF-1220,SWF-1311,11,22,21.18841895
SWF-1220,SWF-1312,11,23,38.87029385
SWF-1220,SWF-1314,11,24,36.56966077
SWF-1220,SWF-1316,11,25,19.91121962
SWF-1220,SWF-1320,11,26,31.28876584
SWF-1220,SWF-1325,11,27,35.03116468
SWF-1220,SWF-1347,11,28,26.39367976
SWF-1220,SWF-1352,11,29,29.10094817
SWF-1220,SWF-1428,11,30,46.50053951
SWF-1220,SWF-1439,11,31,23.06760529
SWF-1220,SWF-1444,11,32,43.3231869
SWF-1220,SWF-1501,11,33,48.72406475
SWF-1220,SWF-1610,11,34,40.52255976
SWF-1220,SWF-1616,11,35,34.41730113
SWF-1220,SWF-1621,11,36,22.92763405
SWF-1220,SWF-1622,11,37,49.13412981
SWF-1220,SWF-1802,11,38,21.59609255
SWF-1220,SWF-1808,11,39,22.17074644
SWF-1220,SWF-1809,11,40,21.68370762
SWF-1220,SWF-1914,11,41,48.65051577
SWF-1220,NAT-1,11,42,17.07120362
SWF-1220,NAT-2,11,43,13.07194279
SWF-1220,NAT-3,11,44,18.78654069
SWF-1220,NAT-6,11,47,13.62697116
SWF-1220,NAT-7,11,48,13.30221336
SWF-1220,NAT-9,11,49,13.525853
SWF-1220,NAT-10,11,50,13.01916736
SWF-1220,NAT-11,11,51,14.67261614
SWF-1221,SWF-1227,12,13,36.75235822
SWF-1221,SWF-1228,12,14,34.394162
SWF-1221,SWF-1234,12,15,33.69927934
SWF-1221,SWF-1235,12,16,34.01582043
SWF-1221,SWF-1236,12,17,35.52977986
SWF-1221,SWF-1253,12,18,45.0860219
SWF-1221,SWF-1306,12,19,34.89855864
SWF-1221,SWF-1310,12,20,50.40451536
SWF-1221,TIM-2,12,21,49.46575923
SWF-1221,SWF-1311,12,22,32.79339498
SWF-1221,SWF-1312,12,23,50.59747133
SWF-1221,SWF-1314,12,24,48.26886257
SWF-1221,SWF-1316,12,25,31.37488486
SWF-1221,SWF-1320,12,26,42.94703041
SWF-1221,SWF-1325,12,27,46.71933525
SWF-1221,SWF-1347,12,28,37.99955423
SWF-1221,SWF-1352,12,29,40.83023868
SWF-1221,SWF-1428,12,30,58.42661357
SWF-1221,SWF-1439,12,31,34.9731121
SWF-1221,SWF-1444,12,32,55.24848312
SWF-1221,SWF-1501,12,33,60.71373655
SWF-1221,SWF-1610,12,34,52.62539446
SWF-1221,SWF-1616,12,35,46.53405821
SWF-1221,SWF-1621,12,36,35.02900059
SWF-1221,SWF-1622,12,37,61.28994984
SWF-1221,SWF-1802,12,38,33.66294136
SWF-1221,SWF-1808,12,39,34.22256109
SWF-1221,SWF-1809,12,40,33.7357372
SWF-1221,SWF-1914,12,41,60.82606437
SWF-1221,NAT-1,12,42,28.17505185
SWF-1221,NAT-2,12,43,25.31290061
SWF-1221,NAT-3,12,44,30.75788142
SWF-1221,NAT-6,12,47,26.03679938
SWF-1221,NAT-7,12,48,25.67022323
SWF-1221,NAT-9,12,49,26.08915423
SWF-1221,NAT-10,12,50,25.63300346
SWF-1221,NAT-11,12,51,26.87663649
SWF-1227,SWF-1228,13,14,18.74441169
SWF-1227,SWF-1234,13,15,15.16999553
SWF-1227,SWF-1235,13,16,15.15152055
SWF-1227,SWF-1236,13,17,8.500006214
SWF-1227,SWF-1253,13,18,31.40656915
SWF-1227,SWF-1306,13,19,21.15856438
SWF-1227,SWF-1310,13,20,37.35076631
SWF-1227,TIM-2,13,21,36.48605972
SWF-1227,SWF-1311,13,22,19.64875531
SWF-1227,SWF-1312,13,23,37.69136198
SWF-1227,SWF-1314,13,24,35.06390427
SWF-1227,SWF-1316,13,25,17.41660299
SWF-1227,SWF-1320,13,26,29.66182981
SWF-1227,SWF-1325,13,27,33.35187039
SWF-1227,SWF-1347,13,28,24.46063728
SWF-1227,SWF-1352,13,29,27.1033626
SWF-1227,SWF-1428,13,30,44.62595541
SWF-1227,SWF-1439,13,31,20.97361685
SWF-1227,SWF-1444,13,32,41.50113071
SWF-1227,SWF-1501,13,33,47.56493007
SWF-1227,SWF-1610,13,34,39.02931574
SWF-1227,SWF-1616,13,35,32.88222037
SWF-1227,SWF-1621,13,36,21.45893354
SWF-1227,SWF-1622,13,37,47.59577511
SWF-1227,SWF-1802,13,38,20.19995471
SWF-1227,SWF-1808,13,39,20.833548
SWF-1227,SWF-1809,13,40,20.34576507
SWF-1227,SWF-1914,13,41,47.20408444
SWF-1227,NAT-1,13,42,13.24746969
SWF-1227,NAT-2,13,43,14.66142536
SWF-1227,NAT-3,13,44,17.80943377
SWF-1227,NAT-6,13,47,15.33852565
SWF-1227,NAT-7,13,48,14.95662303
SWF-1227,NAT-9,13,49,15.33969414
SWF-1227,NAT-10,13,50,14.86856829
SWF-1227,NAT-11,13,51,16.22204022
SWF-1228,SWF-1234,14,15,16.88840543
SWF-1228,SWF-1235,14,16,17.16887111
SWF-1228,SWF-1236,14,17,17.45693017
SWF-1228,SWF-1253,14,18,28.27278177
SWF-1228,SWF-1306,14,19,18.51780106
SWF-1228,SWF-1310,14,20,34.64488808
SWF-1228,TIM-2,14,21,33.82361251
SWF-1228,SWF-1311,14,22,16.88373124
SWF-1228,SWF-1312,14,23,35.13518927
SWF-1228,SWF-1314,14,24,32.45827914
SWF-1228,SWF-1316,14,25,14.22374609
SWF-1228,SWF-1320,14,26,26.9772856
SWF-1228,SWF-1325,14,27,30.72779979
SWF-1228,SWF-1347,14,28,21.65845427
SWF-1228,SWF-1352,14,29,24.62149936
SWF-1228,SWF-1428,14,30,42.58975821
SWF-1228,SWF-1439,14,31,18.97261702
SWF-1228,SWF-1444,14,32,39.44548143
SWF-1228,SWF-1501,14,33,45.41142972
SWF-1228,SWF-1610,14,34,37.19222379
SWF-1228,SWF-1616,14,35,31.08939383
SWF-1228,SWF-1621,14,36,19.60770747
SWF-1228,SWF-1622,14,37,45.87009386
SWF-1228,SWF-1802,14,38,18.26156906
SWF-1228,SWF-1808,14,39,18.8476519
SWF-1228,SWF-1809,14,40,18.36050599
SWF-1228,SWF-1914,14,41,45.45856861
SWF-1228,NAT-1,14,42,8.690437373
SWF-1228,NAT-2,14,43,12.54145394
SWF-1228,NAT-3,14,44,15.56089874
SWF-1228,NAT-6,14,47,13.22324112
SWF-1228,NAT-7,14,48,12.84862551
SWF-1228,NAT-9,14,49,13.23357481
SWF-1228,NAT-10,14,50,12.76455273
SWF-1228,NAT-11,14,51,14.10466012
SWF-1234,SWF-1235,15,16,4.980053656
SWF-1234,SWF-1236,15,17,13.1827317
SWF-1234,SWF-1253,15,18,28.58036799
SWF-1234,SWF-1306,15,19,18.00587456
SWF-1234,SWF-1310,15,20,34.31247428
SWF-1234,TIM-2,15,21,33.42639362
SWF-1234,SWF-1311,15,22,16.64058526
SWF-1234,SWF-1312,15,23,34.56865067
SWF-1234,SWF-1314,15,24,31.94423925
SWF-1234,SWF-1316,15,25,14.59453853
SWF-1234,SWF-1320,15,26,26.58515634
SWF-1234,SWF-1325,15,27,30.2273616
SWF-1234,SWF-1347,15,28,21.43304431
SWF-1234,SWF-1352,15,29,23.85105462
SWF-1234,SWF-1428,15,30,41.08747325
SWF-1234,SWF-1439,15,31,17.39070953
SWF-1234,SWF-1444,15,32,37.98031647
SWF-1234,SWF-1501,15,33,44.1695856
SWF-1234,SWF-1610,15,34,35.40293375
SWF-1234,SWF-1616,15,35,29.22397119
SWF-1234,SWF-1621,15,36,17.8438861
SWF-1234,SWF-1622,15,37,43.89558849
SWF-1234,SWF-1802,15,38,16.64658428
SWF-1234,SWF-1808,15,39,17.31568359
SWF-1234,SWF-1809,15,40,16.82742924
SWF-1234,SWF-1914,15,41,43.52566228
SWF-1234,NAT-1,15,42,11.21032311
SWF-1234,NAT-2,15,43,11.4246935
SWF-1234,NAT-3,15,44,14.49048919
SWF-1234,NAT-6,15,47,12.09635945
SWF-1234,NAT-7,15,48,11.71063557
SWF-1234,NAT-9,15,49,12.08991193
SWF-1234,NAT-10,15,50,11.61678824
SWF-1234,NAT-11,15,51,12.98429869
SWF-1235,SWF-1236,16,17,13.15671749
SWF-1235,SWF-1253,16,18,28.8988415
SWF-1235,SWF-1306,16,19,18.34208958
SWF-1235,SWF-1310,16,20,34.63798816
SWF-1235,TIM-2,16,21,33.75252789
SWF-1235,SWF-1311,16,22,16.9651473
SWF-1235,SWF-1312,16,23,34.89744965
SWF-1235,SWF-1314,16,24,32.27482415
SWF-1235,SWF-1316,16,25,14.91478905
SWF-1235,SWF-1320,16,26,26.91413034
SWF-1235,SWF-1325,16,27,30.55933864
SWF-1235,SWF-1347,16,28,21.76127482
SWF-1235,SWF-1352,16,29,24.19226337
SWF-1235,SWF-1428,16,30,41.44228725
SWF-1235,SWF-1439,16,31,17.74989789
SWF-1235,SWF-1444,16,32,38.33384849
SWF-1235,SWF-1501,16,33,44.51113221
SWF-1235,SWF-1610,16,34,35.75552387
SWF-1235,SWF-1616,16,35,29.57802003
SWF-1235,SWF-1621,16,36,18.19582349
SWF-1235,SWF-1622,16,37,44.25081798
SWF-1235,SWF-1802,16,38,16.99579775
SWF-1235,SWF-1808,16,39,17.66311192
SWF-1235,SWF-1809,16,40,17.17488078
SWF-1235,SWF-1914,16,41,43.87907654
SWF-1235,NAT-1,16,42,11.49246662
SWF-1235,NAT-2,16,43,11.74847003
SWF-1235,NAT-3,16,44,14.82767818
SWF-1235,NAT-6,16,47,12.42043843
SWF-1235,NAT-7,16,48,12.03477297
SWF-1235,NAT-9,16,49,12.4143183
SWF-1235,NAT-10,16,50,11.94129178
SWF-1235,NAT-11,16,51,13.30806397
SWF-1236,SWF-1253,17,18,30.15751238
SWF-1236,SWF-1306,17,19,19.87225985
SWF-1236,SWF-1310,17,20,36.09361583
SWF-1236,TIM-2,17,21,35.22820173
SWF-1236,SWF-1311,17,22,18.39289205
SWF-1236,SWF-1312,17,23,36.42834279
SWF-1236,SWF-1314,17,24,33.79459677
SWF-1236,SWF-1316,17,25,16.15973615
SWF-1236,SWF-1320,17,26,28.39505451
SWF-1236,SWF-1325,17,27,32.07807754
SWF-1236,SWF-1347,17,28,23.19258649
SWF-1236,SWF-1352,17,29,25.80760082
SWF-1236,SWF-1428,17,30,43.30386719
SWF-1236,SWF-1439,17,31,19.64109009
SWF-1236,SWF-1444,17,32,40.18198892
SWF-1236,SWF-1501,17,33,46.27471815
SWF-1236,SWF-1610,17,34,37.7147885
SWF-1236,SWF-1616,17,35,31.56460422
SWF-1236,SWF-1621,17,36,20.14580914
SWF-1236,SWF-1622,17,37,46.27567952
SWF-1236,SWF-1802,17,38,18.89274442
SWF-1236,SWF-1808,17,39,19.53029471
SWF-1236,SWF-1809,17,40,19.04246035
SWF-1236,SWF-1914,17,41,45.88776626
SWF-1236,NAT-1,17,42,12.09151247
SWF-1236,NAT-2,17,43,13.417462
SWF-1236,NAT-3,17,44,16.52919166
SWF-1236,NAT-6,17,47,14.0937025
SWF-1236,NAT-7,17,48,13.71159885
SWF-1236,NAT-9,17,49,14.09393147
SWF-1236,NAT-10,17,50,13.62252858
SWF-1236,NAT-11,17,51,14.97808927
SWF-1253,SWF-1306,18,19,26.06081347
SWF-1253,SWF-1310,18,20,41.13835288
SWF-1253,TIM-2,18,21,40.7542102
SWF-1253,SWF-1311,18,22,22.80387214
SWF-1253,SWF-1312,18,23,42.92142208
SWF-1253,SWF-1314,18,24,39.78283734
SWF-1253,SWF-1316,18,25,20.24906165
SWF-1253,SWF-1320,18,26,33.80869515
SWF-1253,SWF-1325,18,27,38.04777081
SWF-1253,SWF-1347,18,28,28.15658126
SWF-1253,SWF-1352,18,29,32.68380263
SWF-1253,SWF-1428,18,30,52.05461166
SWF-1253,SWF-1439,18,31,28.5461957
SWF-1253,SWF-1444,18,32,48.86266182
SWF-1253,SWF-1501,18,33,54.61315908
SWF-1253,SWF-1610,18,34,46.98282802
SWF-1253,SWF-1616,18,35,40.95849758
SWF-1253,SWF-1621,18,36,29.37313752
SWF-1253,SWF-1622,18,37,55.85927762
SWF-1253,SWF-1802,18,38,27.86701956
SWF-1253,SWF-1808,18,39,28.36523058
SWF-1253,SWF-1809,18,40,27.87926534
SWF-1253,SWF-1914,18,41,55.41950472
SWF-1253,NAT-1,18,42,22.16541974
SWF-1253,NAT-2,18,43,23.14304217
SWF-1253,NAT-3,18,44,24.59834851
SWF-1253,NAT-6,18,47,23.81140761
SWF-1253,NAT-7,18,48,23.45030212
SWF-1253,NAT-9,18,49,23.81870108
SWF-1253,NAT-10,18,50,23.34708782
SWF-1253,NAT-11,18,51,24.71324688
SWF-1306,SWF-1310,19,20,32.07925246
SWF-1306,TIM-2,19,21,31.42213175
SWF-1306,SWF-1311,19,22,14.15700801
SWF-1306,SWF-1312,19,23,32.47391086
SWF-1306,SWF-1314,19,24,27.71874035
SWF-1306,SWF-1316,19,25,10.68488899
SWF-1306,SWF-1320,19,26,21.94651148
SWF-1306,SWF-1325,19,27,23.93246242
SWF-1306,SWF-1347,19,28,15.01707492
SWF-1306,SWF-1352,19,29,13.47948158
SWF-1306,SWF-1428,19,30,39.84179847
SWF-1306,SWF-1439,19,31,16.06453126
SWF-1306,SWF-1444,19,32,36.68841719
SWF-1306,SWF-1501,19,33,43.61629667
SWF-1306,SWF-1610,19,34,35.84660384
SWF-1306,SWF-1616,19,35,29.82812401
SWF-1306,SWF-1621,19,36,18.249719
SWF-1306,SWF-1622,19,37,44.80436355
SWF-1306,SWF-1802,19,38,16.74195124
SWF-1306,SWF-1808,19,39,17.27517164
SWF-1306,SWF-1809,19,40,16.78879126
SWF-1306,SWF-1914,19,41,44.42747726
SWF-1306,NAT-1,19,42,12.48188485
SWF-1306,NAT-2,19,43,12.83063365
SWF-1306,NAT-3,19,44,13.80443318
SWF-1306,NAT-6,19,47,13.49543888
SWF-1306,NAT-7,19,48,13.13190962
SWF-1306,NAT-9,19,49,13.49767439
SWF-1306,NAT-10,19,50,13.02473857
SWF-1306,NAT-11,19,51,14.40022061
SWF-1310,TIM-2,20,21,34.20605714
SWF-1310,SWF-1311,20,22,23.67291303
SWF-1310,SWF-1312,20,23,45.94481169
SWF-1310,SWF-1314,20,24,43.7369924
SWF-1310,SWF-1316,20,25,28.81800852
SWF-1310,SWF-1320,20,26,38.05098034
SWF-1310,SWF-1325,20,27,42.79018128
SWF-1310,SWF-1347,20,28,33.81455708
SWF-1310,SWF-1352,20,29,38.29358257
SWF-1310,SWF-1428,20,30,57.24256385
SWF-1310,SWF-1439,20,31,33.95507333
SWF-1310,SWF-1444,20,32,53.99164043
SWF-1310,SWF-1501,20,33,59.09984761
SWF-1310,SWF-1610,20,34,51.94242599
SWF-1310,SWF-1616,20,35,45.97025714
SWF-1310,SWF-1621,20,36,34.30953234
SWF-1310,SWF-1622,20,37,60.9211073
SWF-1310,SWF-1802,20,38,32.69195464
SWF-1310,SWF-1808,20,39,33.11394374
SWF-1310,SWF-1809,20,40,32.6289792
SWF-1310,SWF-1914,20,41,60.4347368
SWF-1310,NAT-1,20,42,28.51785755
SWF-1310,NAT-2,20,43,28.40804631
SWF-1310,NAT-3,20,44,28.89385907
SWF-1310,NAT-6,20,47,29.06844094
SWF-1310,NAT-7,20,48,28.71596347
SWF-1310,NAT-9,20,49,29.07437141
SWF-1310,NAT-10,20,50,28.60128618
SWF-1310,NAT-11,20,51,29.98263473
TIM-2,SWF-1311,21,22,24.69266775
TIM-2,SWF-1312,21,23,44.97823599
TIM-2,SWF-1314,21,24,43.15589505
TIM-2,SWF-1316,21,25,28.24330943
TIM-2,SWF-1320,21,26,37.641222
TIM-2,SWF-1325,21,27,42.16715976
TIM-2,SWF-1347,21,28,33.39212234
TIM-2,SWF-1352,21,29,37.55811118
TIM-2,SWF-1428,21,30,56.32058223
TIM-2,SWF-1439,21,31,33.06635339
TIM-2,SWF-1444,21,32,53.06172253
TIM-2,SWF-1501,21,33,58.05460837
TIM-2,SWF-1610,21,34,50.9648887
TIM-2,SWF-1616,21,35,44.99968857
TIM-2,SWF-1621,21,36,33.32857248
TIM-2,SWF-1622,21,37,59.95582355
TIM-2,SWF-1802,21,38,31.69586647
TIM-2,SWF-1808,21,39,32.10664982
TIM-2,SWF-1809,21,40,31.62183149
TIM-2,SWF-1914,21,41,59.46182356
TIM-2,NAT-1,21,42,27.69523749
TIM-2,NAT-2,21,43,27.46169134
TIM-2,NAT-3,21,44,27.81711649
TIM-2,NAT-6,21,47,28.12104418
TIM-2,NAT-7,21,48,27.76970481
TIM-2,NAT-9,21,49,28.12680137
TIM-2,NAT-10,21,50,27.65352442
TIM-2,NAT-11,21,51,29.03685593
SWF-1311,SWF-1312,22,23,28.68114289
SWF-1311,SWF-1314,22,24,25.86947165
SWF-1311,SWF-1316,22,25,10.75317716
SWF-1311,SWF-1320,22,26,19.93503949
SWF-1311,SWF-1325,22,27,24.88171753
SWF-1311,SWF-1347,22,28,15.59814727
SWF-1311,SWF-1352,22,29,20.47426459
SWF-1311,SWF-1428,22,30,39.63453756
SWF-1311,SWF-1439,22,31,16.30380257
SWF-1311,SWF-1444,22,32,36.39435444
SWF-1311,SWF-1501,22,33,41.64537528
SWF-1311,SWF-1610,22,34,34.39740947
SWF-1311,SWF-1616,22,35,28.41572742
SWF-1311,SWF-1621,22,36,16.76900873
SWF-1311,SWF-1622,22,37,43.35855477
SWF-1311,SWF-1802,22,38,15.17201746
SWF-1311,SWF-1808,22,39,15.60879707
SWF-1311,SWF-1809,22,40,15.12363895
SWF-1311,SWF-1914,22,41,42.88174614
SWF-1311,NAT-1,22,42,10.75739316
SWF-1311,NAT-2,22,43,10.80877129
SWF-1311,NAT-3,22,44,11.47887136
SWF-1311,NAT-6,22,47,11.47054185
SWF-1311,NAT-7,22,48,11.11666523
SWF-1311,NAT-9,22,49,11.47677715
SWF-1311,NAT-10,22,50,11.00395655
SWF-1311,NAT-11,22,51,12.38264156
SWF-1312,SWF-1314,23,24,42.73803055
SWF-1312,SWF-1316,23,25,29.83744256
SWF-1312,SWF-1320,23,26,37.96729015
SWF-1312,SWF-1325,23,27,42.64870506
SWF-1312,SWF-1347,23,28,34.81828816
SWF-1312,SWF-1352,23,29,38.43681931
SWF-1312,SWF-1428,23,30,57.20646418
SWF-1312,SWF-1439,23,31,34.01272365
SWF-1312,SWF-1444,23,32,53.92820084
SWF-1312,SWF-1501,23,33,58.79939941
SWF-1312,SWF-1610,23,34,51.8572751
SWF-1312,SWF-1616,23,35,45.90943505
SWF-1312,SWF-1621,23,36,34.21444564
SWF-1312,SWF-1622,23,37,60.88776531
SWF-1312,SWF-1802,23,38,32.54476111
SWF-1312,SWF-1808,23,39,32.93337622
SWF-1312,SWF-1809,23,40,32.4488538
SWF-1312,SWF-1914,23,41,60.3843494
SWF-1312,NAT-1,23,42,29.01533672
SWF-1312,NAT-2,23,43,28.55976991
SWF-1312,NAT-3,23,44,28.52431328
SWF-1312,NAT-6,23,47,29.21709697
SWF-1312,NAT-7,23,48,28.86687118
SWF-1312,NAT-9,23,49,29.22171407
SWF-1312,NAT-10,23,50,28.74794366
SWF-1312,NAT-11,23,51,30.13560299
SWF-1314,SWF-1316,24,25,26.2848866
SWF-1314,SWF-1320,24,26,28.90856321
SWF-1314,SWF-1325,24,27,35.0027126
SWF-1314,SWF-1347,24,28,29.68149354
SWF-1314,SWF-1352,24,29,33.75176161
SWF-1314,SWF-1428,24,30,54.24718738
SWF-1314,SWF-1439,24,31,30.92359883
SWF-1314,SWF-1444,24,32,50.98800158
SWF-1314,SWF-1501,24,33,56.54800231
SWF-1314,SWF-1610,24,34,49.37602355
SWF-1314,SWF-1616,24,35,43.41022785
SWF-1314,SWF-1621,24,36,31.74646394
SWF-1314,SWF-1622,24,37,58.39455018
SWF-1314,SWF-1802,24,38,30.11807137
SWF-1314,SWF-1808,24,39,30.54901076
SWF-1314,SWF-1809,24,40,30.06394897
SWF-1314,SWF-1914,24,41,57.93118436
SWF-1314,NAT-1,24,42,26.3629042
SWF-1314,NAT-2,24,43,26.22440096
SWF-1314,NAT-3,24,44,26.44050829
SWF-1314,NAT-6,24,47,26.88460935
SWF-1314,NAT-7,24,48,26.529516
SWF-1314,NAT-9,24,49,26.88847677
SWF-1314,NAT-10,24,50,26.41505257
SWF-1314,NAT-11,24,51,27.79793658
SWF-1316,SWF-1320,25,26,20.2850766
SWF-1316,SWF-1325,25,27,23.98219234
SWF-1316,SWF-1347,25,28,13.45215716
SWF-1316,SWF-1352,25,29,17.83805585
SWF-1316,SWF-1428,25,30,37.98074126
SWF-1316,SWF-1439,25,31,14.33131772
SWF-1316,SWF-1444,25,32,34.82097871
SWF-1316,SWF-1501,25,33,41.01466333
SWF-1316,SWF-1610,25,34,33.18255679
SWF-1316,SWF-1616,25,35,27.13951255
SWF-1316,SWF-1621,25,36,15.58404231
SWF-1316,SWF-1622,25,37,42.03557897
SWF-1316,SWF-1802,25,38,14.11963287
SWF-1316,SWF-1808,25,39,14.65267714
SWF-1316,SWF-1809,25,40,14.16626321
SWF-1316,SWF-1914,25,41,41.62544644
SWF-1316,NAT-1,25,42,8.155632778
SWF-1316,NAT-2,25,43,9.416475041
SWF-1316,NAT-3,25,44,11.1065494
SWF-1316,NAT-6,25,47,10.0868835
SWF-1316,NAT-7,25,48,9.721865826
SWF-1316,NAT-9,25,49,10.09332032
SWF-1316,NAT-10,25,50,9.621904114
SWF-1316,NAT-11,25,51,10.98485481
SWF-1320,SWF-1325,26,27,29.3172534
SWF-1320,SWF-1347,26,28,22.37617527
SWF-1320,SWF-1352,26,29,28.44347212
SWF-1320,SWF-1428,26,30,49.08779652
SWF-1320,SWF-1439,26,31,25.69974233
SWF-1320,SWF-1444,26,32,45.84956737
SWF-1320,SWF-1501,26,33,51.49706963
SWF-1320,SWF-1610,26,34,44.20903307
SWF-1320,SWF-1616,26,35,38.22947981
SWF-1320,SWF-1621,26,36,26.58473694
SWF-1320,SWF-1622,26,37,53.19697454
SWF-1320,SWF-1802,26,38,24.98577962
SWF-1320,SWF-1808,26,39,25.43405545
SWF-1320,SWF-1809,26,40,24.94876253
SWF-1320,SWF-1914,26,41,52.74152011
SWF-1320,NAT-1,26,42,20.88138954
SWF-1320,NAT-2,26,43,20.92069949
SWF-1320,NAT-3,26,44,21.41403916
SWF-1320,NAT-6,26,47,21.58234685
SWF-1320,NAT-7,26,48,21.22617664
SWF-1320,NAT-9,26,49,21.5868165
SWF-1320,NAT-10,26,50,21.11371169
SWF-1320,NAT-11,26,51,22.49364081
SWF-1325,SWF-1347,27,28,26.11322806
SWF-1325,SWF-1352,27,29,30.42195012
SWF-1325,SWF-1428,27,30,52.3736044
SWF-1325,SWF-1439,27,31,28.93863064
SWF-1325,SWF-1444,27,32,49.13800779
SWF-1325,SWF-1501,27,33,55.10379452
SWF-1325,SWF-1610,27,34,47.76877329
SWF-1325,SWF-1616,27,35,41.78910491
SWF-1325,SWF-1621,27,36,30.14820401
SWF-1325,SWF-1622,27,37,56.77282909
SWF-1325,SWF-1802,27,38,28.55162772
SWF-1325,SWF-1808,27,39,29.0109616
SWF-1325,SWF-1809,27,40,28.52553469
SWF-1325,SWF-1914,27,41,56.33413851
SWF-1325,NAT-1,27,42,24.64912741
SWF-1325,NAT-2,27,43,24.66878749
SWF-1325,NAT-3,27,44,25.08660954
SWF-1325,NAT-6,27,47,25.33043199
SWF-1325,NAT-7,27,48,24.97277809
SWF-1325,NAT-9,27,49,25.33383829
SWF-1325,NAT-10,27,50,24.86057383
SWF-1325,NAT-11,27,51,26.24112064
SWF-1347,SWF-1352,28,29,22.52398113
SWF-1347,SWF-1428,28,30,44.05325565
SWF-1347,SWF-1439,28,31,20.51038787
SWF-1347,SWF-1444,28,32,40.85557595
SWF-1347,SWF-1501,28,33,46.90330807
SWF-1347,SWF-1610,28,34,39.36510965
SWF-1347,SWF-1616,28,35,33.35973395
SWF-1347,SWF-1621,28,36,21.75351786
SWF-1347,SWF-1622,28,37,48.30827712
SWF-1347,SWF-1802,28,38,20.21108972
SWF-1347,SWF-1808,28,39,20.70008295
SWF-1347,SWF-1809,28,40,20.21425817
SWF-1347,SWF-1914,28,41,47.88082168
SWF-1347,NAT-1,28,42,15.58025569
SWF-1347,NAT-2,28,43,15.98536691
SWF-1347,NAT-3,28,44,16.91988633
SWF-1347,NAT-6,28,47,16.64993386
SWF-1347,NAT-7,28,48,16.29011344
SWF-1347,NAT-9,28,49,16.65457023
SWF-1347,NAT-10,28,50,16.18195529
SWF-1347,NAT-11,28,51,17.55650073
SWF-1352,SWF-1428,29,30,44.97552009
SWF-1352,SWF-1439,29,31,21.13845207
SWF-1352,SWF-1444,29,32,41.82254353
SWF-1352,SWF-1501,29,33,49.24265008
SWF-1352,SWF-1610,29,34,41.44256481
SWF-1352,SWF-1616,29,35,35.43036308
SWF-1352,SWF-1621,29,36,23.84917562
SWF-1352,SWF-1622,29,37,50.44026799
SWF-1352,SWF-1802,29,38,22.33284499
SWF-1352,SWF-1808,29,39,22.87618879
SWF-1352,SWF-1809,29,40,22.38969267
SWF-1352,SWF-1914,29,41,50.08517603
SWF-1352,NAT-1,29,42,18.59726342
SWF-1352,NAT-2,29,43,18.72533561
SWF-1352,NAT-3,29,44,19.51038184
SWF-1352,NAT-6,29,47,19.38888464
SWF-1352,NAT-7,29,48,19.02490567
SWF-1352,NAT-9,29,49,19.38961675
SWF-1352,NAT-10,29,50,18.91625609
SWF-1352,NAT-11,29,51,20.29487346
SWF-1428,SWF-1439,30,31,34.19319709
SWF-1428,SWF-1444,30,32,48.29272335
SWF-1428,SWF-1501,30,33,65.1444563
SWF-1428,SWF-1610,30,34,56.90639688
SWF-1428,SWF-1616,30,35,50.99179608
SWF-1428,SWF-1621,30,36,39.32852886
SWF-1428,SWF-1622,30,37,66.31052129
SWF-1428,SWF-1802,30,38,37.67832023
SWF-1428,SWF-1808,30,39,38.34663051
SWF-1428,SWF-1809,30,40,37.85855169
SWF-1428,SWF-1914,30,41,66.12991931
SWF-1428,NAT-1,30,42,36.60114783
SWF-1428,NAT-2,30,43,36.1925296
SWF-1428,NAT-3,30,44,36.29466332
SWF-1428,NAT-6,30,47,36.8532506
SWF-1428,NAT-7,30,48,36.48516147
SWF-1428,NAT-9,30,49,36.84831976
SWF-1428,NAT-10,30,50,36.37365965
SWF-1428,NAT-11,30,51,37.76070881
SWF-1439,SWF-1444,31,32,31.88424173
SWF-1439,SWF-1501,31,33,42.69254577
SWF-1439,SWF-1610,31,34,34.00663626
SWF-1439,SWF-1616,31,35,27.97984044
SWF-1439,SWF-1621,31,36,16.47095456
SWF-1439,SWF-1622,31,37,43.19865069
SWF-1439,SWF-1802,31,38,15.06150907
SWF-1439,SWF-1808,31,39,15.78303563
SWF-1439,SWF-1809,31,40,15.29433093
SWF-1439,SWF-1914,31,41,43.05625654
SWF-1439,NAT-1,31,42,13.01016899
SWF-1439,NAT-2,31,43,12.73454112
SWF-1439,NAT-3,31,44,13.5234631
SWF-1439,NAT-6,31,47,13.39705888
SWF-1439,NAT-7,31,48,13.02601939
SWF-1439,NAT-9,31,49,13.39180267
SWF-1439,NAT-10,31,50,12.91738201
SWF-1439,NAT-11,31,51,14.30130827
SWF-1444,SWF-1501,32,33,61.71054684
SWF-1444,SWF-1610,32,34,53.77845259
SWF-1444,SWF-1616,32,35,47.88336025
SWF-1444,SWF-1621,32,36,36.18340757
SWF-1444,SWF-1622,32,37,63.18431426
SWF-1444,SWF-1802,32,38,34.45543466
SWF-1444,SWF-1808,32,39,35.06911444
SWF-1444,SWF-1809,32,40,34.58173443
SWF-1444,SWF-1914,32,41,62.96330473
SWF-1444,NAT-1,32,42,33.45012624
SWF-1444,NAT-2,32,43,33.01982154
SWF-1444,NAT-3,32,44,32.92954946
SWF-1444,NAT-6,32,47,33.68013227
SWF-1444,NAT-7,32,48,33.31302101
SWF-1444,NAT-9,32,49,33.6754964
SWF-1444,NAT-10,32,50,33.20081476
SWF-1444,NAT-11,32,51,34.58844549
SWF-1501,SWF-1610,33,34,58.77621711
SWF-1501,SWF-1616,33,35,53.08947481
SWF-1501,SWF-1621,33,36,41.03155357
SWF-1501,SWF-1622,33,37,68.37692527
SWF-1501,SWF-1802,33,38,38.67723731
SWF-1501,SWF-1808,33,39,38.62793015
SWF-1501,SWF-1809,33,40,38.15054211
SWF-1501,SWF-1914,33,41,67.77648561
SWF-1501,NAT-1,33,42,39.34278754
SWF-1501,NAT-2,33,43,38.50009394
SWF-1501,NAT-3,33,44,35.65300305
SWF-1501,NAT-6,33,47,39.1546858
SWF-1501,NAT-7,33,48,38.79718937
SWF-1501,NAT-9,33,49,39.15126649
SWF-1501,NAT-10,33,50,38.67585031
SWF-1501,NAT-11,33,51,40.07329086
SWF-1610,SWF-1616,34,35,37.01644221
SWF-1610,SWF-1621,34,36,26.0663385
SWF-1610,SWF-1622,34,37,55.41530367
SWF-1610,SWF-1802,34,38,27.99208638
SWF-1610,SWF-1808,34,39,29.68155649
SWF-1610,SWF-1809,34,40,29.18208135
SWF-1610,SWF-1914,34,41,56.69660162
SWF-1610,NAT-1,34,42,31.17079968
SWF-1610,NAT-2,34,43,30.29169996
SWF-1610,NAT-3,34,44,30.07222321
SWF-1610,NAT-6,34,47,30.94886108
SWF-1610,NAT-7,34,48,30.57903158
SWF-1610,NAT-9,34,49,30.93904355
SWF-1610,NAT-10,34,50,30.46307652
SWF-1610,NAT-11,34,51,31.85964109
SWF-1616,SWF-1621,35,36,21.8459858
SWF-1616,SWF-1622,35,37,46.82433569
SWF-1616,SWF-1802,35,38,22.7820844
SWF-1616,SWF-1808,35,39,24.28407352
SWF-1616,SWF-1809,35,40,23.78640025
SWF-1616,SWF-1914,35,41,50.82099228
SWF-1616,NAT-1,35,42,25.07344557
SWF-1616,NAT-2,35,43,24.18522904
SWF-1616,NAT-3,35,44,24.28181975
SWF-1616,NAT-6,35,47,24.8427184
SWF-1616,NAT-7,35,48,24.47134618
SWF-1616,NAT-9,35,49,24.83211544
SWF-1616,NAT-10,35,50,24.35608307
SWF-1616,NAT-11,35,51,25.75250988
SWF-1621,SWF-1622,36,37,38.38344868
SWF-1621,SWF-1802,36,38,10.07815849
SWF-1621,SWF-1808,36,39,11.81797806
SWF-1621,SWF-1809,36,40,11.31791864
SWF-1621,SWF-1914,36,41,38.89401432
SWF-1621,NAT-1,36,42,13.58352948
SWF-1621,NAT-2,36,43,12.69897739
SWF-1621,NAT-3,36,44,12.35916893
SWF-1621,NAT-6,36,47,13.35593594
SWF-1621,NAT-7,36,48,12.98665518
SWF-1621,NAT-9,36,49,13.34630797
SWF-1621,NAT-10,36,50,12.87033679
SWF-1621,NAT-11,36,51,14.2671654
SWF-1622,SWF-1802,37,38,38.62875623
SWF-1622,SWF-1808,37,39,39.88741038
SWF-1622,SWF-1809,37,40,39.3919848
SWF-1622,SWF-1914,37,41,65.38942412
SWF-1622,NAT-1,37,42,39.85737617
SWF-1622,NAT-2,37,43,38.91047496
SWF-1622,NAT-3,37,44,39.42115348
SWF-1622,NAT-6,37,47,39.56793482
SWF-1622,NAT-7,37,48,39.19440799
SWF-1622,NAT-9,37,49,39.55572151
SWF-1622,NAT-10,37,50,39.07944186
SWF-1622,NAT-11,37,51,40.47690112
SWF-1802,SWF-1808,38,39,8.037543961
SWF-1802,SWF-1809,38,40,7.519742154
SWF-1802,SWF-1914,38,41,38.40088132
SWF-1802,NAT-1,38,42,12.22651026
SWF-1802,NAT-2,38,43,11.36677014
SWF-1802,NAT-3,38,44,10.3531407
SWF-1802,NAT-6,38,47,12.02318661
SWF-1802,NAT-7,38,48,11.65711745
SWF-1802,NAT-9,38,49,12.0153517
SWF-1802,NAT-10,38,50,11.53956318
SWF-1802,NAT-11,38,51,12.93631228
SWF-1808,SWF-1809,39,40,1.932489906
SWF-1808,SWF-1914,39,41,39.38118878
SWF-1808,NAT-1,39,42,12.80469721
SWF-1808,NAT-2,39,43,11.94384935
SWF-1808,NAT-3,39,44,10.494184
SWF-1808,NAT-6,39,47,12.59979527
SWF-1808,NAT-7,39,48,12.23566236
SWF-1808,NAT-9,39,49,12.59289805
SWF-1808,NAT-10,39,50,12.11717544
SWF-1808,NAT-11,39,51,13.51422299
SWF-1809,SWF-1914,40,41,38.8879191
SWF-1809,NAT-1,40,42,12.31765344
SWF-1809,NAT-2,40,43,11.45678613
SWF-1809,NAT-3,40,44,10.01288852
SWF-1809,NAT-6,40,47,12.11273791
SWF-1809,NAT-7,40,48,11.74857926
SWF-1809,NAT-9,40,49,12.10582784
SWF-1809,NAT-10,40,50,11.63010424
SWF-1809,NAT-11,40,51,13.02714874
SWF-1914,NAT-1,41,42,39.43823918
SWF-1914,NAT-2,41,43,38.44150646
SWF-1914,NAT-3,41,44,38.78277584
SWF-1914,NAT-6,41,47,39.09814843
SWF-1914,NAT-7,41,48,38.7253769
SWF-1914,NAT-9,41,49,39.08561273
SWF-1914,NAT-10,41,50,38.60915188
SWF-1914,NAT-11,41,51,40.00835242
NAT-1,NAT-2,42,43,6.374980827
NAT-1,NAT-3,42,44,9.470669278
NAT-1,NAT-6,42,47,7.058561052
NAT-1,NAT-7,42,48,6.684604858
NAT-1,NAT-9,42,49,7.07098592
NAT-1,NAT-10,42,50,6.602560037
NAT-1,NAT-11,42,51,7.938277231
NAT-2,NAT-3,43,44,8.577239227
NAT-2,NAT-6,43,47,1.685890629
NAT-2,NAT-7,43,48,1.558371423
NAT-2,NAT-9,43,49,1.652147914
NAT-2,NAT-10,43,50,1.253814231
NAT-2,NAT-11,43,51,2.681508752
NAT-3,NAT-6,44,47,9.230254898
NAT-3,NAT-7,44,48,8.877496729
NAT-3,NAT-9,44,49,9.228699548
NAT-3,NAT-10,44,50,8.753311347
NAT-3,NAT-11,44,51,10.15252548
NAT-6,NAT-7,47,48,2.334735276
NAT-6,NAT-9,47,49,2.33656209
NAT-6,NAT-10,47,50,1.874947529
NAT-6,NAT-11,47,51,3.55391723
NAT-7,NAT-9,48,49,2.157744231
NAT-7,NAT-10,48,50,1.689913289
NAT-7,NAT-11,48,51,2.630974557
NAT-9,NAT-10,49,50,0.897457721
NAT-9,NAT-11,49,51,3.439546303
NAT-10,NAT-11,50,51,2.999289957
